Name,Sa,Sz,Sa Î»<10um,Average Step Height
tungstenCarbide_NX2_obj20x_zoom1x_001.xyz,1.5747903517831596,11.324103716427393,0.20387439158784815,15.191454800578116
tungstenCarbide_NX2_obj20x_zoom1x_002.xyz,3.60287650718707,24.16962545063562,1.3898907099399274,134.926152141712
tungstenCarbide_NX2_obj20x_zoom1x_003.xyz,0.645900837563227,5.761435199351407,0.2967096898211918,30.822756486756695
tungstenCarbide_NX2_obj20x_zoom1x_004.xyz,1.541396627433486,11.13302864844413,0.10102974518621952,4.714392507443708
tungstenCarbide_NX2_obj20x_zoom1x_005.xyz,1.3531177680911224,10.771559350872995,0.15621054142122065,3.904382089058575
tungstenCarbide_NX2_obj20x_zoom1x_006.xyz,1.0847525068160169,9.896815514821288,0.14196043521969814,5.886791200895358
tungstenCarbide_NX2_obj20x_zoom1x_007.xyz,1.5865797785752949,24.340299544681457,1.0911109144548052,88.36497584796683
tungstenCarbide_NX2_obj20x_zoom1x_008.xyz,1.0466586700987148,10.74852642209072,0.18207702391359112,11.022071848787292
tungstenCarbide_NX2_obj20x_zoom1x_009.xyz,1.1283082832446605,7.8407167344917745,0.14910177284925316,5.755942157079919
tungstenCarbide_NX2_obj20x_zoom1x_010.xyz,0.9537831868382919,9.060396664904165,0.12056907017961137,7.750315484391818
tungstenCarbide_NX2_obj20x_zoom1x_011.xyz,2.795895591430492,19.580267916102905,0.4341965011942698,37.48634229699852
tungstenCarbide_NX2_obj20x_zoom1x_012.xyz,1.001959700751302,6.713387548288543,0.13462162472405495,4.829527122680392
tungstenCarbide_NX2_obj20x_zoom1x_013.xyz,0.8207497588319267,7.167326395014269,0.11889318734653263,5.914466875888949
tungstenCarbide_NX2_obj20x_zoom1x_014.xyz,,,,
tungstenCarbide_NX2_obj20x_zoom1x_015.xyz,0.7531704089400129,6.306872774652905,0.16070339326137387,9.13873519524494
tungstenCarbide_NX2_obj20x_zoom1x_016.xyz,0.6272310134152608,5.02544166634031,0.06939708019669134,1.9927528749355985
tungstenCarbide_NX2_obj20x_zoom1x_017.xyz,1.1258279590205431,7.006911163984809,0.0964145968213946,5.91181821776314
tungstenCarbide_NX2_obj20x_zoom1x_018.xyz,0.5745107717310866,14.257795191426265,0.0943734504658077,1.465608752990402
tungstenCarbide_NX2_obj20x_zoom1x_019.xyz,0.8683319780813836,10.423525415346258,0.30214070008852817,32.35714899050254
tungstenCarbide_NX2_obj20x_zoom1x_020.xyz,0.9565377357854301,7.750335501755544,0.1699166365191454,10.379218652835885
tungstenCarbide_NX2_obj20x_zoom1x_021.xyz,1.4469094422533757,8.649181334825942,0.23595916866528574,18.33113383060678
tungstenCarbide_NX2_obj20x_zoom1x_022.xyz,1.2170944128348982,9.133011879467569,0.08853370281779407,1.946385525311495
tungstenCarbide_NX2_obj20x_zoom1x_023.xyz,2.293052352647572,12.40520623282951,0.12985358791625307,7.180976433171262
tungstenCarbide_NX2_obj20x_zoom1x_024.xyz,0.7378177759525387,6.67265976207201,0.16610415964620184,10.776116225542033
tungstenCarbide_NX2_obj20x_zoom1x_025.xyz,1.7612332385091536,11.360953633513809,0.0903619751338858,1.7527996667523367
tungstenCarbide_NX2_obj20x_zoom1x_026.xyz,1.3573970133489714,10.235829968877939,0.10644758499802369,4.055345241943262
tungstenCarbide_NX2_obj20x_zoom1x_027.xyz,1.2587904322013024,8.134961550620027,0.07575776510614798,5.092232543223956
tungstenCarbide_NX2_obj20x_zoom1x_028.xyz,0.8872728374778819,6.603973327335476,0.1808649701303184,15.729939540143151
tungstenCarbide_NX2_obj20x_zoom1x_029.xyz,0.5671171878694135,6.598444662451617,0.11737301898843272,6.616382001289026
tungstenCarbide_NX2_obj20x_zoom1x_030.xyz,0.8002984071887552,6.315425907025274,0.15756704010132702,10.602827783559489
tungstenCarbide_NX2_obj20x_zoom1x_031.xyz,0.9166688823358896,7.244247429336161,0.07418346376711348,2.3594873671387884
tungstenCarbide_NX2_obj20x_zoom1x_032.xyz,2.341152026012629,20.072130812656248,0.21635709878910828,10.553529896465905
tungstenCarbide_NX2_obj20x_zoom1x_033.xyz,0.9592681306309632,8.447637645304665,0.10413820933550855,6.671744442968681
tungstenCarbide_NX2_obj20x_zoom1x_034.xyz,0.7100570806168688,5.691541772568569,0.10497344819275692,3.9802785400051954
tungstenCarbide_NX2_obj20x_zoom1x_035.xyz,1.5767969875314416,11.067078045348353,0.11737669309847508,9.49568526710056
tungstenCarbide_NX2_obj20x_zoom1x_036.xyz,1.7692371764385069,20.055464134297367,0.3514853035454771,36.24106109200001
tungstenCarbide_NX2_obj20x_zoom1x_037.xyz,0.5740093838609704,4.9730793328877265,0.15737477115353607,12.148404381920832
tungstenCarbide_NX2_obj20x_zoom1x_038.xyz,9.61181768209007,59.579441745318555,0.48404214557977665,15.550483399491092
tungstenCarbide_NX2_obj20x_zoom1x_039.xyz,1.7249258224152544,9.187842573320014,0.18792108233190358,12.08447192516991
tungstenCarbide_NX2_obj20x_zoom1x_040.xyz,0.7548128594726939,5.231056654739791,0.1566689507297747,9.613622980796153
tungstenCarbide_NX2_obj20x_zoom1x_041.xyz,0.897878413914693,7.301527794972234,0.23483627233854362,15.411387097177087
tungstenCarbide_NX2_obj20x_zoom1x_042.xyz,0.7580288946219795,5.104914214064511,0.08245331006292311,2.1132340890119057
tungstenCarbide_NX2_obj20x_zoom1x_043.xyz,,,,
tungstenCarbide_NX2_obj20x_zoom1x_044.xyz,1.2943110196411343,8.816980491465646,0.13294919617023324,14.9088441522897
tungstenCarbide_NX2_obj20x_zoom1x_045.xyz,0.8395937069757115,6.445094651128571,0.11555243501362353,5.687888735554518
tungstenCarbide_NX2_obj20x_zoom1x_046.xyz,0.3512828225460533,4.101790072611448,0.0672975079929099,1.065089654529812
tungstenCarbide_NX2_obj20x_zoom1x_047.xyz,1.6911782083705038,20.354309187012248,0.7353453960395586,73.02642983998655
tungstenCarbide_NX2_obj20x_zoom1x_048.xyz,0.6467978669087149,4.309334446862781,0.16789380483545116,15.22836474188977
tungstenCarbide_NX2_obj20x_zoom1x_049.xyz,1.090284721498142,6.940124989266,0.09377617115388832,2.5640284091988
tungstenCarbide_NX2_obj20x_zoom1x_050.xyz,1.313281881589497,8.196091760171903,0.10164842470222028,2.8980524851243823
tungstenCarbide_NX2_obj20x_zoom1x_051.xyz,0.5474737654539452,9.68750044085073,0.24939947225017436,23.385861647511017
tungstenCarbide_NX2_obj20x_zoom1x_052.xyz,0.891002283425715,8.896902495682728,0.3545197987653188,34.231425970392685
tungstenCarbide_NX2_obj20x_zoom1x_053.xyz,1.965451613351884,10.206136352002208,0.10188872189788942,6.051874884912872
tungstenCarbide_NX2_obj20x_zoom1x_054.xyz,2.268580942020462,18.300893542217274,0.20272502609895862,13.715467859541949
tungstenCarbide_NX2_obj20x_zoom1x_055.xyz,1.098885812432839,9.429401354272585,0.24668983444343803,24.789182836752016
tungstenCarbide_NX2_obj20x_zoom1x_056.xyz,0.5577314792729927,9.053148093018569,0.17493223217512802,12.674049931625223
tungstenCarbide_NX2_obj20x_zoom1x_057.xyz,0.8494398060856357,6.335846906198549,0.0947459384990075,5.055013671910742
tungstenCarbide_NX2_obj20x_zoom1x_058.xyz,2.871477847931327,13.501086897998686,0.3338529960641865,26.160740629480642
tungstenCarbide_NX2_obj20x_zoom1x_059.xyz,1.8854869603220685,12.772019272188999,0.1676181207505113,11.940769530936127
tungstenCarbide_NX2_obj20x_zoom1x_060.xyz,1.5980015192241934,8.136717001822179,0.21600899987507835,15.185859843747226
tungstenCarbide_NX2_obj20x_zoom1x_061.xyz,1.5229289742098158,11.533957408731297,0.16015628350157632,7.776577168195294
tungstenCarbide_NX2_obj20x_zoom1x_062.xyz,0.9762194830236673,8.196996227946332,0.10813063610350472,4.9945161309722526
tungstenCarbide_NX2_obj20x_zoom1x_063.xyz,0.8629525364813869,7.578167803109061,0.42276429152273226,45.13092149742706
tungstenCarbide_NX2_obj20x_zoom1x_064.xyz,0.8286130176426024,4.636652155978044,0.1030519387194982,2.3914015657343057
tungstenCarbide_NX2_obj20x_zoom1x_065.xyz,13.46925028007978,79.33772125792115,0.5668179863843766,24.823700815170618
tungstenCarbide_NX2_obj20x_zoom1x_066.xyz,2.1516622983469658,14.988100512729078,0.1028387633417471,2.1042223809620655
tungstenCarbide_NX2_obj20x_zoom1x_067.xyz,1.9958990473401108,13.461413362619062,0.20897564858638973,11.714078413042198
tungstenCarbide_NX2_obj20x_zoom1x_068.xyz,1.3699587153048451,9.030633175780189,0.1516471616434533,8.789320479141074
tungstenCarbide_NX2_obj20x_zoom1x_069.xyz,0.40728892460603705,8.026508397883614,0.30403666897281256,33.19058713596156
tungstenCarbide_NX2_obj20x_zoom1x_070.xyz,2.9063731564052184,25.484465028946786,0.2393699804359174,8.974531324629812
tungstenCarbide_NX2_obj20x_zoom1x_071.xyz,0.7759191026386361,6.123997869471739,0.07921075899886736,1.8923337565414395
tungstenCarbide_NX2_obj20x_zoom1x_072.xyz,1.027977611283923,8.369330103553251,0.08424170300911958,1.5767683161124335
tungstenCarbide_NX2_obj20x_zoom1x_073.xyz,0.6609225073580467,7.366210952465849,0.13413972099448454,4.3839147165997066
tungstenCarbide_NX2_obj20x_zoom1x_074.xyz,1.1047634462289766,23.700520594875115,0.4431010862219141,45.43804722443578
tungstenCarbide_NX2_obj20x_zoom1x_075.xyz,1.3137012979949543,7.809273674628805,0.07488072147509894,0.5062895848514167
tungstenCarbide_NX2_obj20x_zoom1x_076.xyz,0.6755795033580256,5.915903898644693,0.11838227063114204,5.776307806169734
tungstenCarbide_NX2_obj20x_zoom1x_077.xyz,0.8719152027851754,7.10907411201909,0.08874607190137881,3.7715114327786465
tungstenCarbide_NX2_obj20x_zoom1x_078.xyz,1.3813539604366323,10.061065430715313,0.12658201941468883,2.567893300068114
tungstenCarbide_NX2_obj20x_zoom1x_079.xyz,0.6100090864863604,5.329025989332894,0.11792605423323914,10.571035816714078
tungstenCarbide_NX2_obj20x_zoom1x_080.xyz,0.8097183440287147,6.205662594770448,0.09056420507305478,0.7540151163741696
tungstenCarbide_NX2_obj20x_zoom1x_081.xyz,0.7569271875014906,24.268047871414904,0.15068379855980718,7.351635379639829
tungstenCarbide_NX2_obj20x_zoom1x_082.xyz,1.5607438912443994,9.644325942358126,0.19229437784647802,17.63185916094017
tungstenCarbide_NX2_obj20x_zoom1x_083.xyz,1.558800168429404,18.006315633744325,0.1506402207261469,1.3385641645304451
tungstenCarbide_NX2_obj20x_zoom1x_084.xyz,0.8780136554599697,6.235028277626974,0.08862505030951433,2.2592063415625385
tungstenCarbide_NX2_obj20x_zoom1x_085.xyz,0.43410998249650173,5.84026127194984,0.1589880054235328,13.105721406974048
tungstenCarbide_NX2_obj20x_zoom1x_086.xyz,0.7649638195605376,6.517516980639269,0.11268801823103979,2.875111278024978
tungstenCarbide_NX2_obj20x_zoom1x_087.xyz,0.9555257067704186,8.257730233955455,0.22308366326719198,17.4586351467713
tungstenCarbide_NX2_obj20x_zoom1x_088.xyz,0.9724413462825402,7.329113632291975,0.09368043146681292,0.36138314444271347
tungstenCarbide_NX2_obj20x_zoom1x_089.xyz,0.7706721434559494,5.535473694133245,0.10562477001632227,12.029258281353338
tungstenCarbide_NX2_obj20x_zoom1x_090.xyz,0.4735358417869551,5.400920233957154,0.0626902699177684,1.6512265166677356
tungstenCarbide_NX2_obj20x_zoom1x_091.xyz,1.4928205332749205,9.302788994070447,0.09891560585312206,1.2093011894111751
tungstenCarbide_NX2_obj20x_zoom1x_092.xyz,1.2874115490143767,15.793661145518108,0.6447054553400591,59.44917840100543
tungstenCarbide_NX2_obj20x_zoom1x_093.xyz,0.730779387217228,5.78602867673945,0.1769393707473921,14.39091286718483
tungstenCarbide_NX2_obj20x_zoom1x_094.xyz,1.3222448065263859,8.579955201383608,0.08399967480051038,5.814864628873574
tungstenCarbide_NX2_obj20x_zoom1x_095.xyz,0.7420946464168993,7.6675294273833945,0.08556501265745894,1.3145966595210417
tungstenCarbide_NX2_obj20x_zoom1x_096.xyz,1.7705207487826289,9.357033402670783,0.16169297300856322,8.198641410586895
tungstenCarbide_NX2_obj20x_zoom1x_097.xyz,1.8567604860716047,12.67339372108431,0.2276056920309656,20.912230114790205
tungstenCarbide_NX2_obj20x_zoom1x_098.xyz,6.462352919413344,38.753350062458324,0.27297027780790345,13.662831311423112
tungstenCarbide_NX2_obj20x_zoom1x_099.xyz,1.0898501209468519,9.227897347154226,0.43922392411056566,48.54699712799144
tungstenCarbide_NX2_obj20x_zoom1x_100.xyz,0.897303389012615,6.678024332994209,0.1044553069850192,6.5917748859687375
tungstenCarbide_NX2_obj20x_zoom1x_101.xyz,0.8832354068148943,6.638936297728474,0.11074794013864675,6.410328290451482
tungstenCarbide_NX2_obj20x_zoom1x_102.xyz,2.0378644853305605,16.273055248003878,0.2512410746876769,16.79025358284844
tungstenCarbide_NX2_obj20x_zoom1x_103.xyz,1.2565433542843876,9.730431553701585,0.1339081822728219,1.3300754515876387
tungstenCarbide_NX2_obj20x_zoom1x_104.xyz,3.7738699746859647,34.67786170072323,0.6087489213517376,48.50470724613212
tungstenCarbide_NX2_obj20x_zoom1x_105.xyz,2.3240855371067295,17.226437905336425,0.29214166193131225,17.681898413832112
tungstenCarbide_NX2_obj20x_zoom1x_106.xyz,1.0031964701633933,8.26259216223796,0.07873612668228658,4.379807005520298
tungstenCarbide_NX2_obj20x_zoom1x_107.xyz,1.6554585262423938,11.165939873776644,0.1703208204751731,11.329572444995314
tungstenCarbide_NX2_obj20x_zoom1x_108.xyz,1.5190712890687053,9.230358104101795,0.1466674317527649,7.8773360825979335
tungstenCarbide_NX2_obj20x_zoom1x_109.xyz,0.5037003539814916,6.003221633291812,0.07968253926938164,3.4734321139679887
tungstenCarbide_NX2_obj20x_zoom1x_110.xyz,2.1763263583586814,23.880435149949843,0.2647835158894367,20.018244928631724
tungstenCarbide_NX2_obj20x_zoom1x_111.xyz,2.409970184435983,18.06995004404181,0.20324329658925533,14.52716358012908
tungstenCarbide_NX2_obj20x_zoom1x_112.xyz,0.6651551522416077,5.147867719004253,0.08733659693974598,0.9734580980414425
tungstenCarbide_NX2_obj20x_zoom1x_113.xyz,1.3342545168026516,8.174133353843736,0.13967310226847454,8.65183146465223
tungstenCarbide_NX2_obj20x_zoom1x_114.xyz,0.6977728673782557,7.589094104346075,0.1468422710715282,10.911626598887318
tungstenCarbide_NX2_obj20x_zoom1x_115.xyz,2.7396939710856976,15.517078294548822,0.257236506057154,12.931762591145734
tungstenCarbide_NX2_obj20x_zoom1x_116.xyz,,,,
tungstenCarbide_NX2_obj20x_zoom1x_117.xyz,0.6176308703620428,10.386113706629821,0.5267321098292408,54.42622391585649
tungstenCarbide_NX2_obj20x_zoom1x_118.xyz,0.5213306019805642,5.379554634302028,0.24305422943117955,23.15783894985749
tungstenCarbide_NX2_obj20x_zoom1x_119.xyz,0.8374094593771104,10.131872144387529,0.27693809916159756,26.847618561804797
tungstenCarbide_NX2_obj20x_zoom1x_120.xyz,2.192756499872566,15.094512291826511,0.09636778569912088,0.6547363107740167
tungstenCarbide_NX2_obj20x_zoom1x_121.xyz,0.9491436964350868,8.516295252170995,0.17089560161776396,8.342153506318452
tungstenCarbide_NX2_obj20x_zoom1x_122.xyz,0.568432537276745,5.308923469571223,0.1022433585962974,5.097662872873518
tungstenCarbide_NX2_obj20x_zoom1x_123.xyz,0.7977275479853815,6.451954596274351,0.11621082929962198,5.157565661475651
tungstenCarbide_NX2_obj20x_zoom1x_124.xyz,0.519161123434206,5.87814006848436,0.08156410034076275,4.246377475158501
tungstenCarbide_NX2_obj20x_zoom1x_125.xyz,3.243633491698699,21.091732902885298,0.14892601062633984,6.974352086258026
tungstenCarbide_NX2_obj20x_zoom1x_126.xyz,1.3588291126383623,10.489902529412856,0.09990772904502139,1.5084834427916785
tungstenCarbide_NX2_obj20x_zoom1x_127.xyz,2.493559020684433,12.650637669630033,0.11707120916245202,3.0403171612658486
tungstenCarbide_NX2_obj20x_zoom1x_128.xyz,0.5634369359967779,4.971174342536401,0.1556167918194261,14.972394783229017
tungstenCarbide_NX2_obj20x_zoom1x_129.xyz,4.44802918858773,25.421397059368886,0.22799636910055582,7.191623747733114
tungstenCarbide_NX2_obj20x_zoom1x_130.xyz,0.9649471105636568,7.1423845600968345,0.1049397460934945,3.3718829241050385
tungstenCarbide_NX2_obj20x_zoom1x_131.xyz,0.492295803977015,4.274292348253234,0.09408366459262177,6.530478653114766
tungstenCarbide_NX2_obj20x_zoom1x_132.xyz,1.1566613306167661,7.336518250116701,0.1364867494443163,6.205657153365738
tungstenCarbide_NX2_obj20x_zoom1x_133.xyz,1.0506531275791253,5.781202292858917,0.12903920382783757,8.96153770556787
tungstenCarbide_NX2_obj20x_zoom1x_134.xyz,2.47688496246654,10.938771131509426,0.18973640046799714,12.118311807636466
tungstenCarbide_NX2_obj20x_zoom1x_135.xyz,0.7539915512110416,5.389280660503553,0.10136186120365161,1.9166679538713698
tungstenCarbide_NX2_obj20x_zoom1x_136.xyz,0.5519211952577109,9.09336462693599,0.15306584069546236,16.896303149647878
tungstenCarbide_NX2_obj20x_zoom1x_137.xyz,0.7606058556046016,13.359036654346609,0.23387681504355823,9.81536080681709
tungstenCarbide_NX2_obj20x_zoom1x_138.xyz,1.0856485124026787,7.9305288729432215,0.08941235872242585,2.880590962558272
tungstenCarbide_NX2_obj20x_zoom1x_139.xyz,2.010871453886127,13.849084990504512,0.14609422698597146,7.913171779131388
tungstenCarbide_NX2_obj20x_zoom1x_140.xyz,0.8917536913233981,6.559855106962072,0.11196871598864432,5.246872976425121
tungstenCarbide_NX2_obj20x_zoom1x_141.xyz,0.4581468359491309,3.898854702389624,0.07509205830043829,1.3104710573091671
tungstenCarbide_NX2_obj20x_zoom1x_142.xyz,0.7972509344042505,5.0698368004906955,0.10911996499773464,4.142634635668333
tungstenCarbide_NX2_obj20x_zoom1x_143.xyz,0.9302503822100292,6.9681152076892925,0.0927430280422611,5.029093776325235
tungstenCarbide_NX2_obj20x_zoom1x_144.xyz,0.8067449799433754,6.853047708860946,0.10827653832587698,4.744364439824476
tungstenCarbide_NX2_obj20x_zoom1x_145.xyz,0.9850751341748214,7.829400830597761,0.10986630597455686,4.79191687120154
tungstenCarbide_NX2_obj20x_zoom1x_146.xyz,1.5231541049977388,9.337981276217594,0.0973561219774598,1.8357693173647467
tungstenCarbide_NX2_obj20x_zoom1x_147.xyz,0.7214889007509985,9.454231523256853,0.1851757056466415,18.72325160212893
tungstenCarbide_NX2_obj20x_zoom1x_148.xyz,,,,
tungstenCarbide_NX2_obj20x_zoom1x_149.xyz,1.467161123059864,15.697353672462327,0.505420353785681,50.1978464853174
tungstenCarbide_NX2_obj20x_zoom1x_150.xyz,1.315728333450737,8.026792600026637,0.16109791437539936,9.255448241866771
tungstenCarbide_NX2_obj20x_zoom1x_151.xyz,1.5209574257655614,15.974084785251023,0.19091156729818912,7.999193453512759
tungstenCarbide_NX2_obj20x_zoom1x_152.xyz,2.0609723598181153,13.848190108920111,0.09113843346215814,1.1171643535204894
tungstenCarbide_NX2_obj20x_zoom1x_153.xyz,1.1693986440952355,7.856172211113847,0.09922496291881537,1.2662155082226219
tungstenCarbide_NX2_obj20x_zoom1x_154.xyz,0.9321642343311722,7.634105804888915,0.12865489375557587,7.693702351109601
tungstenCarbide_NX2_obj20x_zoom1x_155.xyz,1.113568298011957,7.823266826811876,0.13241898358899357,7.123390923381356
tungstenCarbide_NX2_obj20x_zoom1x_156.xyz,0.8277471612397029,7.087682888255598,0.10038281565526005,5.204270146285349
tungstenCarbide_NX2_obj20x_zoom1x_157.xyz,3.1112319331377942,22.424342701713257,0.8907707999447254,81.80507732769173
tungstenCarbide_NX2_obj20x_zoom1x_158.xyz,1.3052359906392248,10.263337886648056,0.14077886086870373,6.45475415328339
tungstenCarbide_NX2_obj20x_zoom1x_159.xyz,0.7209698629702308,7.7366633959984625,0.11379856123382388,7.718160509527453
tungstenCarbide_NX2_obj20x_zoom1x_160.xyz,1.4033036136876882,20.78486303896453,0.7319368995568931,73.90235950311917
tungstenCarbide_NX2_obj20x_zoom1x_161.xyz,0.735422025383143,5.211199796164139,0.10033715989558199,1.8889177396581354
tungstenCarbide_NX2_obj20x_zoom1x_162.xyz,0.5466847062145029,4.935208562016103,0.07189924107769363,0.8933142667805825
tungstenCarbide_NX2_obj20x_zoom1x_163.xyz,2.9849367360570054,20.128343956062714,0.2164024593265503,14.764400129123967
tungstenCarbide_NX2_obj20x_zoom1x_164.xyz,0.7391555067377041,7.466204592467266,0.10848234742357724,4.193863980074582
tungstenCarbide_NX2_obj20x_zoom1x_165.xyz,7.902226280765994,38.11849823170802,1.1554298209837428,97.96964804346567
tungstenCarbide_NX2_obj20x_zoom1x_166.xyz,18.281727763458736,126.38127210644011,0.9528480982193449,11.739029239405216
tungstenCarbide_NX2_obj20x_zoom1x_167.xyz,1.131121779381543,7.633316690287291,0.12807307607020252,5.719314458762637
tungstenCarbide_NX2_obj20x_zoom1x_168.xyz,1.761626122994335,11.892182923183483,0.11190655805899485,4.157080791162239
tungstenCarbide_NX2_obj20x_zoom1x_169.xyz,2.5666542661207603,28.366045568395297,0.16624370940089692,8.069525798140548
tungstenCarbide_NX2_obj20x_zoom1x_170.xyz,1.5121677734395698,8.82325387906582,0.19305629989874704,20.22278555466393
tungstenCarbide_NX2_obj20x_zoom1x_171.xyz,10.85640490282343,84.35410940203752,,17.000268124203092
tungstenCarbide_NX2_obj20x_zoom1x_172.xyz,0.43088650252780286,3.9833691718987674,0.08764343858342419,1.829852444247701
tungstenCarbide_NX2_obj20x_zoom1x_173.xyz,0.755653329965253,7.1092226546887725,0.07298231403329669,0.9403984226329173
tungstenCarbide_NX2_obj20x_zoom1x_174.xyz,0.6382499853998868,4.55376148814611,0.0766856632430096,1.8855729710724212
tungstenCarbide_NX2_obj20x_zoom1x_175.xyz,0.48124126622472035,11.429107842414535,0.0932598271393419,2.1777812924486115
tungstenCarbide_NX2_obj20x_zoom1x_176.xyz,0.6523019269772522,4.647924839138213,0.07338140003083199,0.44847940633750993
tungstenCarbide_NX2_obj20x_zoom1x_177.xyz,2.2894180138922886,16.538554020358735,0.20628926723700158,11.397053439722619
tungstenCarbide_NX2_obj20x_zoom1x_178.xyz,4.858605070069346,24.67227296853902,1.4051500379167354,130.88164442692062
tungstenCarbide_NX2_obj20x_zoom1x_179.xyz,0.9727879318760498,8.158244168757191,0.2251200441161265,16.40316261362086
tungstenCarbide_NX2_obj20x_zoom1x_180.xyz,1.0662131081421276,5.58045097785035,0.1386877192597286,7.546100597249512
tungstenCarbide_NX2_obj20x_zoom1x_181.xyz,0.452996366659223,4.4526529581185255,0.09148489698424385,5.411710560610128
tungstenCarbide_NX2_obj20x_zoom1x_182.xyz,1.2948118951581176,7.695383240238365,0.1298011258397373,4.666516864121938
tungstenCarbide_NX2_obj20x_zoom1x_183.xyz,0.8218303245055436,6.644623800358136,0.09813492906540806,2.8344794627358505
tungstenCarbide_NX2_obj20x_zoom1x_184.xyz,0.9177258704545934,7.324617485767535,0.09148769283279129,2.2022674566157856
tungstenCarbide_NX2_obj20x_zoom1x_185.xyz,2.5638134589980512,18.475310084099632,0.20234564375978428,6.2551613364173155
tungstenCarbide_NX2_obj20x_zoom1x_186.xyz,0.9516328310390494,7.381952230235546,0.19349219049650968,18.38021753320828
tungstenCarbide_NX2_obj20x_zoom1x_187.xyz,0.7636078202303329,6.685594891272588,0.14887776322144336,14.176546577599277
tungstenCarbide_NX2_obj20x_zoom1x_188.xyz,0.4835775163575026,5.649193426429701,0.11326599515728811,6.860458649586239
tungstenCarbide_NX2_obj20x_zoom1x_189.xyz,0.5257903029251911,7.893149341817187,0.0948092759348236,2.366421481720127
tungstenCarbide_NX2_obj20x_zoom1x_190.xyz,2.0017083860455815,14.280307702475659,0.28019105118232107,16.384155585633046
tungstenCarbide_NX2_obj20x_zoom1x_191.xyz,2.016515190818928,17.314636544092636,0.11306394491932246,1.9185030877009632
tungstenCarbide_NX2_obj20x_zoom1x_192.xyz,1.6803210024266533,11.471475784970359,0.37041719056884914,30.550539554433016
tungstenCarbide_NX2_obj20x_zoom1x_193.xyz,0.9807354416281687,5.991556793640083,0.10614731740858306,4.210209941874918
tungstenCarbide_NX2_obj20x_zoom1x_194.xyz,0.6189835333872494,7.765983060626658,0.18720360369838984,14.138152175400823
tungstenCarbide_NX2_obj20x_zoom1x_195.xyz,1.125039743264319,7.458080817295178,0.13530418278328868,3.6768036678534983
tungstenCarbide_NX2_obj20x_zoom1x_196.xyz,0.6734172257911628,5.104458991351392,0.11069472455953501,4.080564273146143
tungstenCarbide_NX2_obj20x_zoom1x_197.xyz,3.0942383049272326,19.956222338044377,0.11853175419839161,4.0116769706208935
tungstenCarbide_NX2_obj20x_zoom1x_198.xyz,0.7502422400469634,5.559580134331693,0.18111700411132592,12.719285995958844
tungstenCarbide_NX2_obj20x_zoom1x_199.xyz,1.0939751185064268,11.298644961837272,0.1294555393847305,6.004322532291747
tungstenCarbide_NX2_obj20x_zoom1x_200.xyz,1.0074499925746372,8.897866212574543,0.15300362580270524,11.616650968288909
tungstenCarbide_NX2_obj20x_zoom1x_201.xyz,1.200698203068871,9.535605012487716,0.10547609370698009,2.0716950168274932
tungstenCarbide_NX2_obj20x_zoom1x_202.xyz,0.9772360171337912,9.356049466373195,0.17445710807755713,13.388569251196184
tungstenCarbide_NX2_obj20x_zoom1x_203.xyz,0.47632443647478107,4.893344932582567,0.11756633236699385,7.478321361349277
tungstenCarbide_NX2_obj20x_zoom1x_204.xyz,2.409389683784514,15.765079913553125,0.208518224486294,12.894762839633403
tungstenCarbide_NX2_obj20x_zoom1x_205.xyz,0.8417669035675317,7.221049173952364,0.12478494291435341,5.349486959482423
tungstenCarbide_NX2_obj20x_zoom1x_206.xyz,0.5504535877450966,5.525012456858635,0.08961015555350903,2.385826085427619
tungstenCarbide_NX2_obj20x_zoom1x_207.xyz,1.5306969892752476,9.845176530174632,0.08800858025152465,3.432804012671668
tungstenCarbide_NX2_obj20x_zoom1x_208.xyz,1.317431859601262,18.76473819854271,0.19567798695738345,17.850298889939
tungstenCarbide_NX2_obj20x_zoom1x_209.xyz,0.6949530233875192,7.092324695822278,0.13429646038751522,7.303524050593693
tungstenCarbide_NX2_obj20x_zoom1x_210.xyz,0.5940333748939846,7.22196496147509,0.10056330229680495,1.4910805858259508
tungstenCarbide_NX2_obj20x_zoom1x_211.xyz,1.5898614644378484,10.402630787822996,0.0808994077490176,2.603004522671632
tungstenCarbide_NX2_obj20x_zoom1x_212.xyz,0.6978417583277817,7.97562153900429,0.10814924751598923,7.018651103302026
tungstenCarbide_NX2_obj20x_zoom1x_213.xyz,3.455119673662735,20.767178111642398,0.1120269529686094,3.0191647376718587
tungstenCarbide_NX2_obj20x_zoom1x_214.xyz,0.6258727071689336,5.134427579081918,0.10285131740139257,7.388735441073463
tungstenCarbide_NX2_obj20x_zoom1x_215.xyz,1.6583767388508328,13.295181765728815,0.24017769239270073,18.287494595282862
tungstenCarbide_NX2_obj20x_zoom1x_216.xyz,1.3221627052121192,10.750400297242166,0.20230474003940496,11.388287511253289
tungstenCarbide_NX2_obj20x_zoom1x_217.xyz,0.9851699326343881,11.186160949705856,0.11150899631649458,4.322951554047108
tungstenCarbide_NX2_obj20x_zoom1x_218.xyz,0.6793538091490645,5.518005014209717,0.11705859010983957,11.07628533776395
tungstenCarbide_NX2_obj20x_zoom1x_219.xyz,2.587383344964507,18.979393395885083,0.2469555193659715,16.934243673029126
tungstenCarbide_NX2_obj20x_zoom1x_220.xyz,0.5530771837101001,11.510357915798881,0.14575128562339587,4.067895242029561
tungstenCarbide_NX2_obj20x_zoom1x_221.xyz,0.9118851404495633,6.239521818965182,0.14740248302450884,16.406969366691165
tungstenCarbide_NX2_obj20x_zoom1x_222.xyz,3.442658740787383,19.233581560433755,0.1157302112418167,7.4466770642270195
tungstenCarbide_NX2_obj20x_zoom1x_223.xyz,2.0269176711081114,16.27602238952572,0.1192232097229994,3.1698598903045654
tungstenCarbide_NX2_obj20x_zoom1x_224.xyz,0.7018758128045696,6.227263877745999,0.09390348149687255,2.7302719627933865
tungstenCarbide_NX2_obj20x_zoom1x_225.xyz,7.3992970679003935,44.4259891669939,0.2811312654368163,17.831132539543987
tungstenCarbide_NX2_obj20x_zoom1x_226.xyz,0.8033926956854847,11.832209692782165,0.39303882712712496,39.514947946903064
tungstenCarbide_NX2_obj20x_zoom1x_227.xyz,1.802367044223437,11.368540730202746,0.11685307072676641,10.639421119353536
tungstenCarbide_NX2_obj20x_zoom1x_228.xyz,0.6098427893586962,5.743924943359653,0.07012083602804726,1.4371887631482398
tungstenCarbide_NX2_obj20x_zoom1x_229.xyz,1.369938952578249,9.923226994353977,0.09394067318244087,1.0291066281455576
tungstenCarbide_NX2_obj20x_zoom1x_230.xyz,0.9083427912333483,12.728826458184487,0.13787608044527766,0.8871870492228153
tungstenCarbide_NX2_obj20x_zoom1x_231.xyz,1.3188432160774235,9.599600898981297,0.16636422445076904,10.237948183738617
tungstenCarbide_NX2_obj20x_zoom1x_232.xyz,1.1076446039739751,5.84101172355137,0.10981773097308949,4.66045202579654
tungstenCarbide_NX2_obj20x_zoom1x_233.xyz,0.5545617744664125,4.221377352271136,0.0814990996905929,0.22997857236527897
tungstenCarbide_NX2_obj20x_zoom1x_234.xyz,2.8882877902334827,19.62255864547359,0.2685063898805706,26.395191574427738
tungstenCarbide_NX2_obj20x_zoom1x_235.xyz,4.212034690014609,25.85668457302515,0.1376848871799505,5.645563276007366
tungstenCarbide_NX2_obj20x_zoom1x_236.xyz,1.292680019730143,9.652919057834232,0.10849931102329624,5.523185086889847
tungstenCarbide_NX2_obj20x_zoom1x_237.xyz,0.725995462094095,5.586794878008634,0.09631125642769033,6.077855252275048
tungstenCarbide_NX2_obj20x_zoom1x_238.xyz,1.0157346129081972,7.926726717047414,0.10248872929926973,4.265312194700216
tungstenCarbide_NX2_obj20x_zoom1x_239.xyz,0.5873223169820011,12.552999921281323,0.10356662901413573,2.1205898238742416
tungstenCarbide_NX2_obj20x_zoom1x_240.xyz,1.2303071196095872,11.784242116407885,0.16427155067384755,5.865641603706182
tungstenCarbide_NX2_obj20x_zoom1x_241.xyz,0.6521727563302618,5.508565693014134,0.10611733401553547,4.908900782539234
tungstenCarbide_NX2_obj20x_zoom1x_242.xyz,0.859423226772584,9.947707301873063,0.11214916744226318,3.3592758623017946
tungstenCarbide_NX2_obj20x_zoom1x_243.xyz,0.785923852966465,10.19544408352149,0.1374320913996763,7.495316896967128
tungstenCarbide_NX2_obj20x_zoom1x_244.xyz,0.5401007004569459,5.6485230272967435,0.17003757443285644,14.987523760299943
tungstenCarbide_NX2_obj20x_zoom1x_245.xyz,0.511270972734712,4.742717226010674,0.08629858758674891,1.6493631655779537
tungstenCarbide_NX2_obj20x_zoom1x_246.xyz,0.5832726025726671,5.143662659376645,0.08478052040430648,1.7074266376136418
tungstenCarbide_NX2_obj20x_zoom1x_247.xyz,1.6185415573236197,12.493044777920153,0.09814490801863998,4.488402224945094
tungstenCarbide_NX2_obj20x_zoom1x_248.xyz,2.8590467403504203,17.04653533569649,0.12272166971863145,7.0011928143354885
tungstenCarbide_NX2_obj20x_zoom1x_249.xyz,0.6207444010522114,6.36125594508156,0.16159116155517858,9.606125544097033
tungstenCarbide_NX2_obj20x_zoom1x_250.xyz,1.6165543264220552,10.84966444704526,0.14811660488651782,9.314508045051522
tungstenCarbide_NX2_obj20x_zoom1x_251.xyz,0.7183015304950071,7.5670497504485805,0.08377886203407219,0.09990720162100464
tungstenCarbide_NX2_obj20x_zoom1x_252.xyz,1.1212492766071136,12.302917315887733,0.14657084954388785,3.7350626039455577
tungstenCarbide_NX2_obj20x_zoom1x_253.xyz,0.8379383619355683,7.232199225542159,0.10262607247273592,2.8882323187879737
tungstenCarbide_NX2_obj20x_zoom1x_254.xyz,1.369680153815612,7.667792886316388,0.1939175058226709,25.213146427621908
tungstenCarbide_NX2_obj20x_zoom1x_255.xyz,0.7678881876661738,5.534418423217546,0.11860850381057922,8.380325279576004
tungstenCarbide_NX2_obj20x_zoom1x_256.xyz,0.4228865865004272,4.452845459373094,0.06810942346371553,0.612118573022191
tungstenCarbide_NX2_obj20x_zoom1x_257.xyz,0.7769995539821616,8.898088709816749,0.0906552537890065,3.219439872019216
tungstenCarbide_NX2_obj20x_zoom1x_258.xyz,0.9207977145919481,10.7528245075122,0.10392888195856337,0.04578833224724144
tungstenCarbide_NX2_obj20x_zoom1x_259.xyz,3.708088523798082,22.792071650778944,0.20938991222336314,14.834446011343479
tungstenCarbide_NX2_obj20x_zoom1x_260.xyz,0.8133254755233218,14.92363658893072,0.9424123263070581,94.94010354246223
tungstenCarbide_NX2_obj20x_zoom1x_261.xyz,0.9938665608296204,7.734299514071573,0.12574828658471565,3.4701214745240923
tungstenCarbide_NX2_obj20x_zoom1x_262.xyz,2.881001289633583,20.810376048684134,0.11738429508067491,2.9285151659547783
tungstenCarbide_NX2_obj20x_zoom1x_263.xyz,1.4651240864089488,13.554506934949604,0.11424328203573089,0.7984314568879416
tungstenCarbide_NX2_obj20x_zoom1x_264.xyz,4.868439038671522,35.75414654684065,0.39258207159932434,26.87973220813312
tungstenCarbide_NX2_obj20x_zoom1x_265.xyz,1.2489179653945468,23.94930209438127,0.17100927333896235,4.044144257580516
tungstenCarbide_NX2_obj20x_zoom1x_266.xyz,1.4932337593167397,10.584680959446905,0.12657704329828365,4.838705927061321
tungstenCarbide_NX2_obj20x_zoom1x_267.xyz,12.315638217591069,87.89491877321782,1.1869098755188852,68.00920255082997
tungstenCarbide_NX2_obj20x_zoom1x_268.xyz,0.6231203646272494,4.959767280643428,0.06975265405297441,2.183970614415775
tungstenCarbide_NX2_obj20x_zoom1x_269.xyz,0.8963762440892705,7.231600873139454,0.12019096656622877,13.02148481011974
tungstenCarbide_NX2_obj20x_zoom1x_270.xyz,1.2867271823711919,10.04398247324748,0.09083323072689373,0.6672434750353976
tungstenCarbide_NX2_obj20x_zoom1x_271.xyz,15.622431792559016,101.71232585927076,1.6794814418358104,100.7142467953875
tungstenCarbide_NX2_obj20x_zoom1x_272.xyz,1.2758784523561997,9.471267587627585,0.13616735927520388,8.852323132518833
tungstenCarbide_NX2_obj20x_zoom1x_273.xyz,0.859794279422429,16.769137424754142,0.10249522981838685,4.704394096552721
tungstenCarbide_NX2_obj20x_zoom1x_274.xyz,0.5343120344877195,5.219281441988915,0.15217801668024028,14.52023628932841
tungstenCarbide_NX2_obj20x_zoom1x_275.xyz,0.47650150698560234,6.572849741451623,0.23013670316931742,21.7482327963959
tungstenCarbide_NX2_obj20x_zoom1x_276.xyz,1.0826426213357172,7.612197654254228,0.15019634178923055,7.106257479220655
tungstenCarbide_NX2_obj20x_zoom1x_277.xyz,1.209399988068256,9.373227220986514,0.1408507033124289,4.9051142612591985
tungstenCarbide_NX2_obj20x_zoom1x_278.xyz,1.3211975451038735,8.63381793831436,0.14643942522512132,6.88003468163974
tungstenCarbide_NX2_obj20x_zoom1x_279.xyz,4.131744095199439,21.957029124234666,0.16967603977920973,4.671776031467393
tungstenCarbide_NX2_obj20x_zoom1x_280.xyz,3.056455042387353,21.077013291742432,0.16849855128781407,6.3047469914567325
tungstenCarbide_NX2_obj20x_zoom1x_281.xyz,6.906311428625357,45.99188303694967,0.3980571318666232,19.475355386917435
tungstenCarbide_NX2_obj20x_zoom1x_282.xyz,1.3944459914482608,8.178072148025151,0.12102208782177684,6.721065343956404
tungstenCarbide_NX2_obj20x_zoom1x_283.xyz,4.966859124413757,30.580921840433327,0.3341353799062944,14.661895472086387
tungstenCarbide_NX2_obj20x_zoom1x_284.xyz,1.7639342808548264,13.388256015264748,0.17740689951962932,14.26015400257438
tungstenCarbide_NX2_obj20x_zoom1x_285.xyz,0.64633826970817,5.228010225343958,0.18561510147914084,19.768532760290004
tungstenCarbide_NX2_obj20x_zoom1x_286.xyz,1.0079266077888083,7.431980676375952,0.14108651986754012,6.584357671935624
tungstenCarbide_NX2_obj20x_zoom1x_287.xyz,2.7598482988281177,28.66511085240338,0.4443154721951392,42.51086471274589
tungstenCarbide_NX2_obj20x_zoom1x_288.xyz,1.1992100316570207,7.639660191126345,0.10355085781790035,3.531191726483839
tungstenCarbide_NX2_obj20x_zoom1x_289.xyz,1.3817528093876328,12.410793921637282,0.18486330356212877,10.076056101108385
tungstenCarbide_NX2_obj20x_zoom1x_290.xyz,3.6522637976691903,22.835503642203633,1.1624976805805507,108.14782317209804
tungstenCarbide_NX2_obj20x_zoom1x_291.xyz,0.7983429475405388,7.307339151995138,0.09637258665504335,2.1152386765228073
tungstenCarbide_NX2_obj20x_zoom1x_292.xyz,0.5259981030205355,4.293138000356095,0.4468654897787532,46.725593978893265
tungstenCarbide_NX2_obj20x_zoom1x_293.xyz,0.9311982717165752,8.611951466225591,0.16629609812133317,13.028200981737752
tungstenCarbide_NX2_obj20x_zoom1x_294.xyz,1.6813432862293853,15.984411018070102,0.09520217809890669,1.6055470996469028
tungstenCarbide_NX2_obj20x_zoom1x_295.xyz,2.1413078683543536,14.86185873168149,0.09800125161376383,1.5743617800232574
tungstenCarbide_NX2_obj20x_zoom1x_296.xyz,4.162050928110882,25.96455613105949,0.14418363597585324,9.481959125399353
tungstenCarbide_NX2_obj20x_zoom1x_297.xyz,5.370879370003959,45.240635882583405,0.3553095893912349,3.956907932524152
tungstenCarbide_NX2_obj20x_zoom1x_298.xyz,1.2171212285737156,7.589098025291564,0.10378379222605745,1.5686148693321456
tungstenCarbide_NX2_obj20x_zoom1x_299.xyz,1.40792818318188,10.787150557409246,0.11205441326398344,1.3771805872283358
tungstenCarbide_NX2_obj20x_zoom1x_300.xyz,1.292754099749116,10.16347280999014,0.4096388170347006,41.88227544615374
tungstenCarbide_NX2_obj20x_zoom1x_301.xyz,0.4726877865663026,4.731345072144148,0.08084037867196936,3.3444394808715394
tungstenCarbide_NX2_obj20x_zoom1x_302.xyz,0.538646653917126,5.948407060650973,0.10432894759110645,3.819085583762954
tungstenCarbide_NX2_obj20x_zoom1x_303.xyz,2.6665898147952047,17.795736335422966,0.4650961582322831,53.019977144092564
tungstenCarbide_NX2_obj20x_zoom1x_304.xyz,2.2627620388219065,15.611626235662685,0.09579958586410008,6.315243320283801
tungstenCarbide_NX2_obj20x_zoom1x_305.xyz,5.675198163620491,30.343301598922743,0.2135902057754063,12.147771702043462
tungstenCarbide_NX2_obj20x_zoom1x_306.xyz,12.181691973619044,95.14631667858778,0.8931387836306052,23.449261973561025
tungstenCarbide_NX2_obj20x_zoom1x_307.xyz,1.1688243786856465,8.411773940945189,0.4112940517016249,39.61469541353344
tungstenCarbide_NX2_obj20x_zoom1x_308.xyz,1.2002975200050003,11.316843551886086,0.24052430617161008,19.90657632740085
tungstenCarbide_NX2_obj20x_zoom1x_309.xyz,1.638127407942317,8.194660846253006,0.10864103863379673,1.8994219536671082
tungstenCarbide_NX2_obj20x_zoom1x_310.xyz,0.9078699286867703,9.228713177138566,0.12257636757899291,4.089118285007485
tungstenCarbide_NX2_obj20x_zoom1x_311.xyz,1.3928386669334456,17.966779979345965,0.13237898420193756,0.7103896408609875
tungstenCarbide_NX2_obj20x_zoom1x_312.xyz,,,,
tungstenCarbide_NX2_obj20x_zoom1x_313.xyz,1.0704726395872313,8.20923295381505,0.11504613560228301,3.278757857170037
tungstenCarbide_NX2_obj20x_zoom1x_314.xyz,1.1104313329139441,7.476788299049769,0.07114401670069755,0.6468311368738139
tungstenCarbide_NX2_obj20x_zoom1x_315.xyz,0.8340112538084559,6.745909572788942,0.11322707500982485,5.092420332969716
tungstenCarbide_NX2_obj20x_zoom1x_316.xyz,1.0360286332039408,7.136843814355073,0.0766759901309967,3.009563177199966
tungstenCarbide_NX2_obj20x_zoom1x_317.xyz,1.26580389815035,8.529464935110836,0.1144880800547809,3.715213117408203
tungstenCarbide_NX2_obj20x_zoom1x_318.xyz,0.8568638863315232,6.403281574489164,0.21085479947839056,17.02823794794247
tungstenCarbide_NX2_obj20x_zoom1x_319.xyz,2.7425225532655046,17.97824877514669,0.20528631915513942,9.576794256856532
tungstenCarbide_NX2_obj20x_zoom1x_320.xyz,1.0676557718877218,7.137917255631807,0.1294253581229702,4.04559673729781
tungstenCarbide_NX2_obj20x_zoom1x_321.xyz,1.767765139947706,10.005824258704205,0.1006936850740656,8.34758642798765
tungstenCarbide_NX2_obj20x_zoom1x_322.xyz,0.7502801799980411,10.647405113013697,0.4045482996878469,42.96164482836609
tungstenCarbide_NX2_obj20x_zoom1x_323.xyz,0.998260146959446,9.69213724718964,0.07045731715132374,0.5545238976741146
tungstenCarbide_NX2_obj20x_zoom1x_324.xyz,0.8377652454174983,7.043390899569085,0.10074121164654369,5.285767352944203
tungstenCarbide_NX2_obj20x_zoom1x_325.xyz,5.160165814548825,47.266525605963835,0.2734935838412982,3.067668172982118
tungstenCarbide_NX2_obj20x_zoom1x_326.xyz,2.4156860681602725,17.246225693855862,0.15666958030022676,2.250996050196737
tungstenCarbide_NX2_obj20x_zoom1x_327.xyz,1.2534816566715914,15.127890375158668,0.29408815388218074,26.716158957828487
tungstenCarbide_NX2_obj20x_zoom1x_328.xyz,1.9014317413548447,13.39555164336933,0.08799344673602179,4.569701799104642
tungstenCarbide_NX2_obj20x_zoom1x_329.xyz,1.1119936154061867,12.098044342538728,0.10427301082263489,2.51951582280686
tungstenCarbide_NX2_obj20x_zoom1x_330.xyz,0.6493603604552426,7.226254020859148,0.07591140693368141,5.657870118660133
tungstenCarbide_NX2_obj20x_zoom1x_331.xyz,0.7861493743655794,11.939614158646933,0.10709470627195863,10.184736540863714
tungstenCarbide_NX2_obj20x_zoom1x_332.xyz,0.8261599265275491,8.206936955230724,0.1447538023332357,6.099096819787136
tungstenCarbide_NX2_obj20x_zoom1x_333.xyz,1.3901590224682825,11.197922158106644,0.17500947876106052,11.898958897877154
tungstenCarbide_NX2_obj20x_zoom1x_334.xyz,1.136024704514402,11.106335809504884,0.1541440759815902,7.701349765858008
tungstenCarbide_NX2_obj20x_zoom1x_335.xyz,13.645548562709694,93.98216368714178,1.1870134805523724,60.209952082229215
tungstenCarbide_NX2_obj20x_zoom1x_336.xyz,1.3170936768338504,9.520010225147267,0.1453459071787298,3.513882135594293
tungstenCarbide_NX2_obj20x_zoom1x_337.xyz,1.0473632768287935,6.977136868894476,0.14488985598633178,12.933653149750965
tungstenCarbide_NX2_obj20x_zoom1x_338.xyz,0.7458641202646863,5.7400799318290225,0.21850953753760538,18.66785394299589
tungstenCarbide_NX2_obj20x_zoom1x_339.xyz,0.6273719492790525,4.686992733328253,0.07038708591625582,2.4239265057341086
tungstenCarbide_NX2_obj20x_zoom1x_340.xyz,9.009256008003243,62.19710241411652,1.114132980545771,90.54214441783367
tungstenCarbide_NX2_obj20x_zoom1x_341.xyz,1.0754152023784904,8.981807839435348,0.11643588787245195,8.685209436755613
tungstenCarbide_NX2_obj20x_zoom1x_342.xyz,3.7410196818883463,28.77178515399931,0.23376018651924055,1.1013867995686124
tungstenCarbide_NX2_obj20x_zoom1x_343.xyz,0.705284569001085,5.190831312913024,0.06894242085082068,1.425790336485675
tungstenCarbide_NX2_obj20x_zoom1x_344.xyz,1.4754480738037081,12.103646987254457,0.11626110117899023,1.3552694964413485
tungstenCarbide_NX2_obj20x_zoom1x_345.xyz,0.4959722198608939,7.761767092707361,0.09698217138718287,1.2363037827818868
tungstenCarbide_NX2_obj20x_zoom1x_346.xyz,2.628273774737111,17.205632105997154,0.1696122071913371,7.67947581844326
tungstenCarbide_NX2_obj20x_zoom1x_347.xyz,1.0244899142228943,9.408839922666939,0.09309332845714281,0.16786760193694272
tungstenCarbide_NX2_obj20x_zoom1x_348.xyz,2.484301093197961,18.161459725899533,1.2759569295499327,123.41732720152643
tungstenCarbide_NX2_obj20x_zoom1x_349.xyz,1.372258130735583,7.220288942445407,0.2681825171259104,23.139528594688993
tungstenCarbide_NX2_obj20x_zoom1x_350.xyz,0.9979036099937648,8.394057550280174,0.15036858761338978,7.190091763902564
tungstenCarbide_NX2_obj20x_zoom1x_351.xyz,0.7036678852721356,10.417211784959926,0.19727150992362377,19.47510898417527
tungstenCarbide_NX2_obj20x_zoom1x_352.xyz,0.7657649661015252,9.862627552791976,0.2050549537737932,15.069383598019861
tungstenCarbide_NX2_obj20x_zoom1x_353.xyz,3.031236083172311,17.4969695527554,0.09925074470006683,5.4785400353103695
tungstenCarbide_NX2_obj20x_zoom1x_354.xyz,1.1954363529871652,11.684889807256937,0.26463244767471905,21.838245044376094
tungstenCarbide_NX2_obj20x_zoom1x_355.xyz,0.9451158176911524,14.012837939350977,0.42930732671431016,44.04466686396314
tungstenCarbide_NX2_obj20x_zoom1x_356.xyz,2.1751569961581,12.817339612482083,0.31563990026326894,26.88537692228916
tungstenCarbide_NX2_obj20x_zoom1x_357.xyz,0.6433125281386244,5.568518938077315,0.2434955206519967,21.22992080392112
tungstenCarbide_NX2_obj20x_zoom1x_358.xyz,2.2498474604830077,12.82930774966226,0.18386018769265922,9.614117397102193
tungstenCarbide_NX2_obj20x_zoom1x_359.xyz,0.8107136976619637,6.962968566499323,0.07997192606748964,5.701401294826048
tungstenCarbide_NX2_obj20x_zoom1x_360.xyz,0.6530025817303724,5.993010589579432,0.0686624197131192,4.3801389055624975
tungstenCarbide_NX2_obj20x_zoom1x_361.xyz,1.1825103984584644,7.993818125403422,0.23961775256776152,20.750663492447902
tungstenCarbide_NX2_obj20x_zoom1x_362.xyz,3.7807653702077757,22.34372993249785,0.15713292877724463,9.528437946842384
tungstenCarbide_NX2_obj20x_zoom1x_363.xyz,2.315870603019775,14.988789837969414,0.25786848720831973,16.969293438197944
tungstenCarbide_NX2_obj20x_zoom1x_364.xyz,1.7733320022454053,14.261609126713335,0.1923785436256931,7.99366824160801
tungstenCarbide_NX2_obj20x_zoom1x_365.xyz,4.405594274719259,24.21263024707932,0.20320761806651788,6.670819137832296
tungstenCarbide_NX2_obj20x_zoom1x_366.xyz,0.8409942630061653,4.9789452742023315,0.15092000484404303,17.001874757213496
tungstenCarbide_NX2_obj20x_zoom1x_367.xyz,5.846863004068875,35.479595492126734,0.4421702792574849,10.11802820765238
tungstenCarbide_NX2_obj20x_zoom1x_368.xyz,0.7692985715803632,7.028384872527363,0.17612357512865445,11.168408168746529
tungstenCarbide_NX2_obj20x_zoom1x_369.xyz,0.7521244191779767,6.946879867478391,0.11954124766567015,6.278798881748024
tungstenCarbide_NX2_obj20x_zoom1x_370.xyz,0.4873515534540979,5.629906465932402,0.07623025948971536,0.29060154089707
tungstenCarbide_NX2_obj20x_zoom1x_371.xyz,0.8652537609751556,6.03762713522249,0.09664000505483258,3.8054096860395856
tungstenCarbide_NX2_obj20x_zoom1x_372.xyz,1.2591724596220277,11.107661566365815,0.1438390086865696,5.646624865556404
tungstenCarbide_NX2_obj20x_zoom1x_373.xyz,2.187081427345626,22.16358983029955,0.30160236259399503,14.16218168658312
tungstenCarbide_NX2_obj20x_zoom1x_374.xyz,1.3162953164330025,7.272395534543179,0.47309592245669785,53.641113810363464
tungstenCarbide_NX2_obj20x_zoom1x_375.xyz,0.8641145779552795,7.853558174105886,0.1572058102500125,12.966452576757181
tungstenCarbide_NX2_obj20x_zoom1x_376.xyz,0.7930828807179907,6.3685774675568645,0.09773445808042186,3.6115992502148044
tungstenCarbide_NX2_obj20x_zoom1x_377.xyz,1.2620071221743987,9.72540606030035,0.16106145917846823,14.187987863081204
tungstenCarbide_NX2_obj20x_zoom1x_378.xyz,0.6314925101507136,23.767761026236215,0.13225438024144662,7.1608421298836635
tungstenCarbide_NX2_obj20x_zoom1x_379.xyz,4.341204873719343,26.160705595188155,0.1715762458927155,5.8748877940603315
tungstenCarbide_NX2_obj20x_zoom1x_380.xyz,0.7846099193620226,6.199780085905804,0.07234071211736337,2.723121167253363
tungstenCarbide_NX2_obj20x_zoom1x_381.xyz,0.6057262195475361,4.913959870146562,0.0880166181712313,2.903661315790423
tungstenCarbide_NX2_obj20x_zoom1x_382.xyz,7.568224584092952,38.35612518811763,1.233335034416307,105.34745361322936
tungstenCarbide_NX2_obj20x_zoom1x_383.xyz,1.3503784209953216,9.925389859243445,0.13347027293116845,8.267205850703506
tungstenCarbide_NX2_obj20x_zoom1x_384.xyz,0.5739200189900161,4.267602806526238,0.23184236867062066,25.254154149203902
tungstenCarbide_NX2_obj20x_zoom1x_385.xyz,0.6577901771421116,4.425952065895553,0.06339632751602095,1.5483569074777521
tungstenCarbide_NX2_obj20x_zoom1x_386.xyz,0.9570441692367317,6.399322618534429,0.0916698059883753,8.0497791448326
tungstenCarbide_NX2_obj20x_zoom1x_387.xyz,1.0974530288251574,24.420248486788218,0.1476851987080065,4.702967882537867
tungstenCarbide_NX2_obj20x_zoom1x_388.xyz,14.923175231171522,72.21817329944712,0.7216399161006216,7.166411179731503
tungstenCarbide_NX2_obj20x_zoom1x_389.xyz,1.2642004514587983,7.510996506771411,0.10135215800981413,9.137029591429298
tungstenCarbide_NX2_obj20x_zoom1x_390.xyz,2.012759433231017,13.494557098934777,0.09830647600033342,0.9205893612783824
tungstenCarbide_NX2_obj20x_zoom1x_391.xyz,0.6816871411427841,5.508557406346243,0.09238388482411293,1.8799440294715424
tungstenCarbide_NX2_obj20x_zoom1x_392.xyz,0.6245908208971039,5.4577260698698185,0.07085849174370529,3.9295515974698603
tungstenCarbide_NX2_obj20x_zoom1x_393.xyz,0.8176331792006344,5.934847193264039,0.20708934066556514,17.55414668445777
tungstenCarbide_NX2_obj20x_zoom1x_394.xyz,0.7288249059673253,11.204609697806205,0.12193971545318112,4.48117781872764
tungstenCarbide_NX2_obj20x_zoom1x_395.xyz,1.1744865182641853,7.745947489317769,0.1515047911654197,8.253188533381518
tungstenCarbide_NX2_obj20x_zoom1x_396.xyz,0.9562181253850179,7.277289888770245,0.24955114609151663,24.449323121542587
tungstenCarbide_NX2_obj20x_zoom1x_397.xyz,1.7065085569053893,12.603757634333476,0.10994994193819695,1.2529375092845443
tungstenCarbide_NX2_obj20x_zoom1x_398.xyz,1.177147342131549,9.920047023175595,0.14244200300355891,5.208466657219378
tungstenCarbide_NX2_obj20x_zoom1x_399.xyz,0.8619576951084862,8.790237342944708,0.11865757978185724,3.4541808912716054
tungstenCarbide_NX2_obj20x_zoom1x_400.xyz,0.47243039589180646,6.465026012552148,0.21046757769847269,17.964470870460378
tungstenCarbide_NX2_obj20x_zoom1x_401.xyz,0.5325159585290157,5.740448364010879,0.17046687171040312,14.315048926277898
tungstenCarbide_NX2_obj20x_zoom1x_402.xyz,0.5576566409344901,3.850045288265985,0.08984205717589415,5.660201512435156
tungstenCarbide_NX2_obj20x_zoom1x_403.xyz,0.44487342031112,4.584685396072796,0.07348093836725703,2.761774448236135
tungstenCarbide_NX2_obj20x_zoom1x_404.xyz,1.522299319900497,9.681754378939882,0.1611870177558556,11.829444686707925
tungstenCarbide_NX2_obj20x_zoom1x_405.xyz,1.0462037439543246,12.352240475134556,0.2276713768009232,7.031977447984319
tungstenCarbide_NX2_obj20x_zoom1x_406.xyz,0.530033453434372,5.755586077420478,0.27788734817728067,27.918872155330288
tungstenCarbide_NX2_obj20x_zoom1x_407.xyz,0.8242285917890095,5.839605362375769,0.08700638588994107,0.16347241496838372
tungstenCarbide_NX2_obj20x_zoom1x_408.xyz,0.7336191427620451,5.08565117194951,0.13075913481875745,6.643964190197504
tungstenCarbide_NX2_obj20x_zoom1x_409.xyz,0.6592041393340784,6.1880695072977705,0.08854467068696645,2.2697935386928236
tungstenCarbide_NX2_obj20x_zoom1x_410.xyz,1.526162667155629,11.518991377977695,0.14385072564728404,5.544795933236509
tungstenCarbide_NX2_obj20x_zoom1x_411.xyz,0.6608356603559337,5.615873243618206,0.08462422866015709,1.8577121125519598
tungstenCarbide_NX2_obj20x_zoom1x_412.xyz,0.7148779303656589,5.1995593701024845,0.10172521639063754,6.220904500474944
tungstenCarbide_NX2_obj20x_zoom1x_413.xyz,1.3041969046973565,8.25713587322633,0.08036907515072934,2.220730953015994
tungstenCarbide_NX2_obj20x_zoom1x_414.xyz,1.103309865631946,8.078557708928704,0.0862508125132641,1.3207742535051712
tungstenCarbide_NX2_obj20x_zoom1x_415.xyz,1.6146124926882115,12.432308671648945,0.15477868047105234,0.3282261302692783
tungstenCarbide_NX2_obj20x_zoom1x_416.xyz,0.6597000076129553,8.422843414447328,0.278420465699968,27.021112345204735
tungstenCarbide_NX2_obj20x_zoom1x_417.xyz,1.0354700142333406,7.020310704556097,0.08432149351494694,1.169428288320172
tungstenCarbide_NX2_obj20x_zoom1x_418.xyz,3.5297388497479734,23.72391403846523,0.6533495633392377,52.80529635364502
tungstenCarbide_NX2_obj20x_zoom1x_419.xyz,0.8036792983882046,7.235940404098341,0.07688482260239961,2.1639504409154133
tungstenCarbide_NX2_obj20x_zoom1x_420.xyz,1.6489644336794589,14.118954484898794,0.43380265544427316,43.38707543646242
tungstenCarbide_NX2_obj20x_zoom1x_421.xyz,0.5952768042243524,6.255752869996908,0.08842457064041401,1.9419421420442937
tungstenCarbide_NX2_obj20x_zoom1x_422.xyz,2.1954214441536375,11.687208625204006,0.13167320671308866,8.049090611482436
tungstenCarbide_NX2_obj20x_zoom1x_423.xyz,0.7041565342950733,6.7870999521295285,0.10200404641386691,2.0782918371918027
tungstenCarbide_NX2_obj20x_zoom1x_424.xyz,1.0119248764964464,6.034707292615833,0.13171253044930853,7.913555794346608
tungstenCarbide_NX2_obj20x_zoom1x_425.xyz,2.135790790717334,14.219046150341555,0.10034039068233515,1.2203361761565894
tungstenCarbide_NX2_obj20x_zoom1x_426.xyz,0.885094353784747,8.157481640129959,0.11723455394334772,2.6783144070362583
tungstenCarbide_NX2_obj20x_zoom1x_427.xyz,0.5830827435119827,5.917177098712182,0.1869509388097438,15.43144061762925
tungstenCarbide_NX2_obj20x_zoom1x_428.xyz,0.9071335935367634,6.196641414885862,0.14615391206724776,10.781744381223792
tungstenCarbide_NX2_obj20x_zoom1x_429.xyz,0.8118354401239816,6.118338556019881,0.12173466634744813,7.475162060807315
tungstenCarbide_NX2_obj20x_zoom1x_430.xyz,6.424648756504769,36.10837968694321,0.2827411190058355,16.986491864940007
tungstenCarbide_NX2_obj20x_zoom1x_431.xyz,0.8521703590420769,5.362006334710684,0.11339666944356248,4.6435583977577
tungstenCarbide_NX2_obj20x_zoom1x_432.xyz,0.8049540797426069,5.446978164019758,0.10558725213007929,4.61013872397877
tungstenCarbide_NX2_obj20x_zoom1x_433.xyz,1.6113312501407735,10.155982038873969,0.15902468000292289,6.751479846845383
tungstenCarbide_NX2_obj20x_zoom1x_434.xyz,1.0640205983968405,8.381623431723986,0.16584555445781557,9.604968376341883
tungstenCarbide_NX2_obj20x_zoom1x_435.xyz,,,,
tungstenCarbide_NX2_obj20x_zoom1x_436.xyz,1.8055356462508656,12.185274192228807,0.14868831075362715,9.49885470212409
tungstenCarbide_NX2_obj20x_zoom1x_437.xyz,0.49725783188338574,4.557812815771014,0.12199644146089908,10.961824087106804
tungstenCarbide_NX2_obj20x_zoom1x_438.xyz,4.197669191493067,25.235308413719846,0.20337549794756787,0.7488776011667644
tungstenCarbide_NX2_obj20x_zoom1x_439.xyz,0.7204445653378913,5.5373505196143995,0.0753516361120774,2.7055560003216916
tungstenCarbide_NX2_obj20x_zoom1x_440.xyz,1.2177323311017074,13.42779345423681,0.21034918250929804,17.078966997602603
tungstenCarbide_NX2_obj20x_zoom1x_441.xyz,0.9748370366027539,5.6787691957320625,0.1561398707708121,13.6634487485473
tungstenCarbide_NX2_obj20x_zoom1x_442.xyz,1.0657478228667003,7.751776011524422,0.10536585267032787,6.384308244282231
tungstenCarbide_NX2_obj20x_zoom1x_443.xyz,1.14431757343282,7.040389795411949,0.15231394158748204,12.038549216155127
tungstenCarbide_NX2_obj20x_zoom1x_444.xyz,0.5762049832843658,15.509916141888748,0.3963392032769418,40.57612047525604
tungstenCarbide_NX2_obj20x_zoom1x_445.xyz,0.9102633875093237,7.786177345764076,0.10474187438372833,4.084209400789396
tungstenCarbide_NX2_obj20x_zoom1x_446.xyz,6.317813953074452,39.56072068794027,0.4664093707280806,21.863431174395238
tungstenCarbide_NX2_obj20x_zoom1x_447.xyz,1.0204494364293302,19.372686421212684,0.1659749194593916,7.291135145722055
tungstenCarbide_NX2_obj20x_zoom1x_448.xyz,1.5445256916118153,12.699174164650803,0.17929665027102945,9.192121677535702
tungstenCarbide_NX2_obj20x_zoom1x_449.xyz,0.5524821569818532,4.734136506086374,0.1462599617362824,8.476099976449214
tungstenCarbide_NX2_obj20x_zoom1x_450.xyz,0.7002140429140928,5.100105033028642,0.10217778846657952,6.098747803293016
tungstenCarbide_NX2_obj20x_zoom1x_451.xyz,0.6900397156752088,6.350742207809539,0.07121460809264854,1.8576044501281557
tungstenCarbide_NX2_obj20x_zoom1x_452.xyz,0.924535537497834,7.006886491668141,0.10600594266891089,1.6157664416320703
tungstenCarbide_NX2_obj20x_zoom1x_453.xyz,0.8954316498369622,9.262772563253858,0.2555628397598674,25.297808668999348
tungstenCarbide_NX2_obj20x_zoom1x_454.xyz,2.26180146875961,15.023037582149328,0.5116191170581995,45.35739833745955
tungstenCarbide_NX2_obj20x_zoom1x_455.xyz,0.7208222588935926,5.836536038010822,0.09167530337887307,2.559344192306286
tungstenCarbide_NX2_obj20x_zoom1x_456.xyz,,,,
tungstenCarbide_NX2_obj20x_zoom1x_457.xyz,1.2106959072940973,10.09931864587525,0.08923920689549227,2.1267967728996013
tungstenCarbide_NX2_obj20x_zoom1x_458.xyz,0.7807306606079106,6.035188701050656,0.12591473109237922,5.294318162174013
tungstenCarbide_NX2_obj20x_zoom1x_459.xyz,3.1563361446243126,24.29057904362171,0.24549125254945872,10.003141832405834
tungstenCarbide_NX2_obj20x_zoom1x_460.xyz,0.4555127570116904,6.222950476188773,0.12567574979039134,5.415347817346389
tungstenCarbide_NX2_obj20x_zoom1x_461.xyz,1.1598582914418487,13.671107819865234,0.24056857947247506,9.732212215718578
tungstenCarbide_NX2_obj20x_zoom1x_462.xyz,0.7382816658414135,9.14985770137313,0.3612838522454118,36.163188636939246
tungstenCarbide_NX2_obj20x_zoom1x_463.xyz,1.1830314121799126,6.973412801802717,0.12912371679388548,8.250800885197036
tungstenCarbide_NX2_obj20x_zoom1x_464.xyz,0.590393470383724,5.195934132980661,0.0818489136216475,1.4203951572162143
tungstenCarbide_NX2_obj20x_zoom1x_465.xyz,1.9371676493723335,16.182035074774078,0.13482104516068727,5.860042065172505
tungstenCarbide_NX2_obj20x_zoom1x_466.xyz,0.5301452020969077,5.0818109771637365,0.058353724525038196,2.6539000021218153
tungstenCarbide_NX2_obj20x_zoom1x_467.xyz,0.5207885220806195,4.647066463715503,0.1064001051182789,3.578846209572858
tungstenCarbide_NX2_obj20x_zoom1x_468.xyz,0.9695214904692857,7.499892467224274,0.23752603966235566,21.403649790108332
tungstenCarbide_NX2_obj20x_zoom1x_469.xyz,0.9815355584985833,6.489678772057816,0.11648543144635719,2.6187370421872185
tungstenCarbide_NX2_obj20x_zoom1x_470.xyz,0.7406409706761345,6.5608303488636786,0.22990145968473516,23.040727861664674
tungstenCarbide_NX2_obj20x_zoom1x_471.xyz,0.7663671796723951,5.7818440010138135,0.11825762649964013,4.7457373491581
tungstenCarbide_NX2_obj20x_zoom1x_472.xyz,0.3927089170897516,5.776101478909523,0.07078851653387601,0.7313021736480987
tungstenCarbide_NX2_obj20x_zoom1x_473.xyz,0.7827374544410215,7.485792595454299,0.36539624822025846,37.62910795294736
tungstenCarbide_NX2_obj20x_zoom1x_474.xyz,1.7935742586587569,10.09165825329378,0.4867143030838123,44.06423238804498
tungstenCarbide_NX2_obj20x_zoom1x_475.xyz,1.0812211475806481,10.795815065047009,0.8109436688773974,83.84458605402033
tungstenCarbide_NX2_obj20x_zoom1x_476.xyz,2.6713658314304842,16.71718705104519,0.1550048776117786,2.582360656983828
tungstenCarbide_NX2_obj20x_zoom1x_477.xyz,1.7604249296132592,12.068811757564951,0.11320025494187823,4.340288294368034
tungstenCarbide_NX2_obj20x_zoom1x_478.xyz,0.6523755727475588,3.98619986340808,0.06537100065071688,2.0629801578871567
tungstenCarbide_NX2_obj20x_zoom1x_479.xyz,1.4346488642817266,9.680011223974814,0.22494212000156485,19.131464752681588
tungstenCarbide_NX2_obj20x_zoom1x_480.xyz,0.9047675772057682,7.963537207022506,0.16463810566328285,16.286764116192842
tungstenCarbide_NX2_obj20x_zoom1x_481.xyz,4.088089824158931,23.10844152220136,0.7313302723397318,62.714271227211576
tungstenCarbide_NX2_obj20x_zoom1x_482.xyz,0.6413883012527138,7.3538087480209615,0.07687840063942884,0.06782999233382786
tungstenCarbide_NX2_obj20x_zoom1x_483.xyz,1.3664553977235103,6.637388278837701,0.0892463562185049,4.477411009202103
tungstenCarbide_NX2_obj20x_zoom1x_484.xyz,0.887988149998202,6.445642066238248,0.12800201555208074,7.087924808898691
tungstenCarbide_NX2_obj20x_zoom1x_485.xyz,4.084526452843848,27.184802743196634,0.3294259969521498,19.01360657234193
tungstenCarbide_NX2_obj20x_zoom1x_486.xyz,0.8531314525935322,6.886642081137969,0.209710539515942,15.206437223745827
tungstenCarbide_NX2_obj20x_zoom1x_487.xyz,0.6405516845337602,5.043465971841405,0.09929859711858822,1.0265362196703365
tungstenCarbide_NX2_obj20x_zoom1x_488.xyz,1.0566826647583534,7.150350733536373,0.16211750077521533,8.850749726126814
tungstenCarbide_NX2_obj20x_zoom1x_489.xyz,0.9112948919643529,8.174742146959478,0.08914120053278901,1.0612500942858076
tungstenCarbide_NX2_obj20x_zoom1x_490.xyz,1.515603386068363,8.940037286557168,0.22703437244196897,24.796246722451723
tungstenCarbide_NX2_obj20x_zoom1x_491.xyz,1.407046289045591,9.963951500755638,0.09981650068693029,2.671272444507413
tungstenCarbide_NX2_obj20x_zoom1x_492.xyz,0.8855851405512354,8.437605475144741,0.10132714409935638,3.0475321179566004
tungstenCarbide_NX2_obj20x_zoom1x_493.xyz,0.4762457449307495,3.0031768151309515,0.10720014820834096,5.439819151015882
tungstenCarbide_NX2_obj20x_zoom1x_494.xyz,0.7291053726596989,14.241852659732457,0.08949003655438226,5.562473936574883
tungstenCarbide_NX2_obj20x_zoom1x_495.xyz,1.2174429792725732,8.596364723547833,0.15178436750597205,9.310746693540159
tungstenCarbide_NX2_obj20x_zoom1x_496.xyz,0.8974927278162401,6.929009099585781,0.09217240756594598,8.875528105855812
tungstenCarbide_NX2_obj20x_zoom1x_497.xyz,4.857600058898726,29.682812583427932,0.20099738235268144,10.007273312378311
tungstenCarbide_NX2_obj20x_zoom1x_498.xyz,1.0702595309401104,8.51423443927218,0.2320234250218476,19.245586520635637
tungstenCarbide_NX2_obj20x_zoom1x_499.xyz,0.7941454407005468,7.746526868453515,0.22827687613129558,21.7151730815673
tungstenCarbide_NX2_obj20x_zoom1x_500.xyz,0.5691627215400636,5.162997034762071,0.088057821788489,1.4654452277341363
tungstenCarbide_NX2_obj20x_zoom1x_501.xyz,2.05758857089376,10.574907121520527,0.22067266633487365,15.724120493124145
tungstenCarbide_NX2_obj20x_zoom1x_502.xyz,1.4157229232161666,13.941354374350599,0.19961848959636866,11.0783952498258
tungstenCarbide_NX2_obj20x_zoom1x_503.xyz,0.5374813737395967,4.627374282280439,0.15599433294907125,11.200211634101874
tungstenCarbide_NX2_obj20x_zoom1x_504.xyz,0.7136029239699381,6.6914963694578375,0.11368269123701687,4.5965114601209205
tungstenCarbide_NX2_obj20x_zoom1x_505.xyz,1.1948274640653762,8.26996659951464,0.1415065018397867,1.1142622668748858
tungstenCarbide_NX2_obj20x_zoom1x_506.xyz,1.0494348659476505,9.122832377805377,0.09531223848418235,2.5821388255694258
tungstenCarbide_NX2_obj20x_zoom1x_507.xyz,1.2798140848913118,11.336314344775252,0.1451251027680314,5.788859933901479
tungstenCarbide_NX2_obj20x_zoom1x_508.xyz,4.05410240687164,25.232770814377872,0.16105319693453563,6.843047102536242
tungstenCarbide_NX2_obj20x_zoom1x_509.xyz,0.5934563048779145,7.694488999669662,0.19426429142802126,11.582513005855507
tungstenCarbide_NX2_obj20x_zoom1x_510.xyz,2.4313967793950626,14.259253221438206,0.2839807137640461,18.73215941690688
tungstenCarbide_NX2_obj20x_zoom1x_511.xyz,0.5815870625802141,8.964548685954544,0.0921406075272091,0.707826585917928
tungstenCarbide_NX2_obj20x_zoom1x_512.xyz,0.7650994182018129,6.485986274850738,0.09169542417243377,1.4652671411499676
tungstenCarbide_NX2_obj20x_zoom1x_513.xyz,1.6337557083261691,9.252305882761144,0.13906148406017949,8.108433099590732
tungstenCarbide_NX2_obj20x_zoom1x_514.xyz,1.2150578372196346,8.145539208839281,0.11783162312839153,7.664516877511113
tungstenCarbide_NX2_obj20x_zoom1x_515.xyz,0.6066188575366818,6.47842299947657,0.07874229978813138,1.1038068306969688
tungstenCarbide_NX2_obj20x_zoom1x_516.xyz,1.2816749363832527,8.233023193747952,0.1246288776022445,6.742063405991001
tungstenCarbide_NX2_obj20x_zoom1x_517.xyz,0.8070158222258118,7.160998654363733,0.09336815885879879,0.08450453072960182
tungstenCarbide_NX2_obj20x_zoom1x_518.xyz,0.814808680808089,6.602293855095418,0.10116219206865162,1.994694314702072
tungstenCarbide_NX2_obj20x_zoom1x_519.xyz,0.8103708887276554,7.701721646905483,0.5243968114262766,54.8308959989159
tungstenCarbide_NX2_obj20x_zoom1x_520.xyz,0.8738218348257044,47.4913718281036,0.1509536170932097,3.2663410852081673
tungstenCarbide_NX2_obj20x_zoom1x_521.xyz,0.7160425136007096,4.890331557958909,0.07723021690446098,1.9566020538857638
tungstenCarbide_NX2_obj20x_zoom1x_522.xyz,1.148497347320416,5.806888309172574,0.1125440454781365,5.092079769836267
tungstenCarbide_NX2_obj20x_zoom1x_523.xyz,1.737418763205381,12.990972509601352,0.1346230462475343,9.184228076355424
tungstenCarbide_NX2_obj20x_zoom1x_524.xyz,2.454016335448664,15.051206122705707,0.14184641783631377,5.933608682220599
tungstenCarbide_NX2_obj20x_zoom1x_525.xyz,0.7780035900589857,7.1991691320007405,0.09428630675257774,3.2304070766761397
tungstenCarbide_NX2_obj20x_zoom1x_526.xyz,5.900170766386594,27.40358383689319,1.0439489773226696,90.44203065154873
tungstenCarbide_NX2_obj20x_zoom1x_527.xyz,0.8056579424429652,4.816129911625989,0.08802126316149735,2.608992787995005
tungstenCarbide_NX2_obj20x_zoom1x_528.xyz,4.262722491868898,30.07925369224301,0.41950235359481197,30.128543308319436
tungstenCarbide_NX2_obj20x_zoom1x_529.xyz,3.0173603732131147,21.767494076225326,0.15158729313079664,0.41004301724773107
tungstenCarbide_NX2_obj20x_zoom1x_530.xyz,2.362733456288026,12.183043429614731,0.17476455862490708,9.387055925878446
tungstenCarbide_NX2_obj20x_zoom1x_531.xyz,0.985312201946567,7.756220020799622,0.10751977658802095,2.6253450173216972
tungstenCarbide_NX2_obj20x_zoom1x_532.xyz,,,,
tungstenCarbide_NX2_obj20x_zoom1x_533.xyz,9.800310831005456,65.72163696542714,0.5890499686099251,10.691402380265034
tungstenCarbide_NX2_obj20x_zoom1x_534.xyz,2.2932751169906815,15.005385612953194,0.10396766169571563,0.48696923842163087
tungstenCarbide_NX2_obj20x_zoom1x_535.xyz,1.0105544990054323,7.3909719493224255,0.11293432384310617,5.582718103273802
tungstenCarbide_NX2_obj20x_zoom1x_536.xyz,0.8607750113521667,7.089095664665578,0.05477596305465386,0.03875308242433252
tungstenCarbide_NX2_obj20x_zoom1x_537.xyz,0.630023868663667,6.693226196331868,0.09811052768958706,1.5312254283921203
tungstenCarbide_NX2_obj20x_zoom1x_538.xyz,5.139908739070609,34.92266553350301,0.31527997331571717,5.203245643878082
tungstenCarbide_NX2_obj20x_zoom1x_539.xyz,1.1505057148562103,7.1787427712452665,0.18448247910474538,13.327481208150196
tungstenCarbide_NX2_obj20x_zoom1x_540.xyz,1.0256322285226849,10.067056198526275,0.11923937421769025,1.1453598602121362
tungstenCarbide_NX2_obj20x_zoom1x_541.xyz,0.9980479847656759,7.744928399224618,0.21102669844241867,17.14602949710634
tungstenCarbide_NX2_obj20x_zoom1x_542.xyz,14.151876557001732,76.54819429726544,0.6358675494750233,15.585133813510268
tungstenCarbide_NX2_obj20x_zoom1x_543.xyz,5.437352278809085,32.57976638545839,0.19692535595507668,5.637511226443925
tungstenCarbide_NX2_obj20x_zoom1x_544.xyz,1.0150247820322584,9.15411504780568,0.13952073777053509,0.04119344587273516
tungstenCarbide_NX2_obj20x_zoom1x_545.xyz,0.7313138901746994,15.889364506766753,0.08112715574758268,8.306548868431952
tungstenCarbide_NX2_obj20x_zoom1x_546.xyz,1.336007822541515,10.856414289558614,0.1563837207356904,9.061986070874827
tungstenCarbide_NX2_obj20x_zoom1x_547.xyz,1.7374922148661265,10.772969443272432,0.13906052152067722,6.874191153128194
tungstenCarbide_NX2_obj20x_zoom1x_548.xyz,2.1798939031677356,14.062239566745948,0.15637738907543636,4.243634993389237
tungstenCarbide_NX2_obj20x_zoom1x_549.xyz,2.946944959409666,18.752426713984626,0.11774638817803224,1.9765691079983498
tungstenCarbide_NX2_obj20x_zoom1x_550.xyz,0.7444632355239138,8.645237824096567,0.09630555389855622,8.34541889940336
tungstenCarbide_NX2_obj20x_zoom1x_551.xyz,1.002645189485098,8.099374654283785,0.371658087239094,42.646938415534805
tungstenCarbide_NX2_obj20x_zoom1x_552.xyz,1.0523136784539735,7.23294379798884,0.14387187520639608,9.450967230260884
tungstenCarbide_NX2_obj20x_zoom1x_553.xyz,1.2825826103580256,13.273253447029063,0.9451603420028701,97.52052220119182
tungstenCarbide_NX2_obj20x_zoom1x_554.xyz,0.541546736982777,4.805465433547736,0.09904112087094237,3.665926860065856
tungstenCarbide_NX2_obj20x_zoom1x_555.xyz,1.9504846103628548,11.150680079619224,0.10747991237055454,0.6655114580893283
tungstenCarbide_NX2_obj20x_zoom1x_556.xyz,1.3021961452209219,8.643358398891621,0.46833511044016657,44.507827190109985
tungstenCarbide_NX2_obj20x_zoom1x_557.xyz,0.8690414738943506,5.98393898266661,0.07781195907204991,2.467509283757813
tungstenCarbide_NX2_obj20x_zoom1x_558.xyz,0.9495063579096547,6.381411147477056,0.19382276051282418,16.894349591622486
tungstenCarbide_NX2_obj20x_zoom1x_559.xyz,0.8610554943815059,9.97708323812548,0.18042219014676406,11.003913546072033
tungstenCarbide_NX2_obj20x_zoom1x_560.xyz,0.7888451609191222,6.060001166389867,0.13328186270052117,8.611609149788713
tungstenCarbide_NX2_obj20x_zoom1x_561.xyz,1.4395879490992687,11.472529975971106,0.09748860070273234,2.5082097139753623
tungstenCarbide_NX2_obj20x_zoom1x_562.xyz,0.8287695974868059,9.64052701560459,0.20773698298790397,21.649167283201642
tungstenCarbide_NX2_obj20x_zoom1x_563.xyz,1.5241201679082657,12.303422947099804,0.12111168582801064,2.3794245126935993
tungstenCarbide_NX2_obj20x_zoom1x_564.xyz,0.59753946632304,4.716778698044021,0.10380484008376466,5.200852722562077
tungstenCarbide_NX2_obj20x_zoom1x_565.xyz,1.414049879050229,10.970114806840092,0.13049974386770044,2.8013086634657185
tungstenCarbide_NX2_obj20x_zoom1x_566.xyz,1.3364399322388794,15.099111229044802,0.5660088714478407,55.18883569102133
tungstenCarbide_NX2_obj20x_zoom1x_567.xyz,1.769485102554129,15.118544212748333,0.1507128213332349,3.292729909449016
tungstenCarbide_NX2_obj20x_zoom1x_568.xyz,0.6306341133930531,7.707389959330856,0.14134082077130053,6.36287267780318
tungstenCarbide_NX2_obj20x_zoom1x_569.xyz,4.654238027500439,29.090256314991016,0.1998887493909961,4.792436474179279
tungstenCarbide_NX2_obj20x_zoom1x_570.xyz,0.9309599664990135,6.434407335399737,0.09000784456619124,3.8371176380890626
tungstenCarbide_NX2_obj20x_zoom1x_571.xyz,0.7407069764193812,7.572782899190357,0.1095840531695274,1.2696234273090101
tungstenCarbide_NX2_obj20x_zoom1x_572.xyz,0.832242197054508,6.043102299210289,0.08249648427519328,0.9882902481989233
tungstenCarbide_NX2_obj20x_zoom1x_573.xyz,1.805671938402869,12.959712222610293,0.08176172353255756,2.435131235755331
tungstenCarbide_NX2_obj20x_zoom1x_574.xyz,1.4882478424246397,8.489222890331426,0.17630544360705627,11.005660597096647
tungstenCarbide_NX2_obj20x_zoom1x_575.xyz,2.755453587475335,22.434922304379057,0.1852980177268439,0.43216035865681923
tungstenCarbide_NX2_obj20x_zoom1x_576.xyz,2.4599570058011984,18.2810522469263,0.15483134726853667,3.08812361096427
tungstenCarbide_NX2_obj20x_zoom1x_577.xyz,0.6573017514882633,7.848884978387343,0.08372575303698929,0.5809115429201235
tungstenCarbide_NX2_obj20x_zoom1x_578.xyz,0.9331579537471303,7.390445458439999,0.39401928943098746,42.13464422734959
tungstenCarbide_NX2_obj20x_zoom1x_579.xyz,1.9696576226531086,13.41090254199533,0.21650893649608038,13.987281305374257
tungstenCarbide_NX2_obj20x_zoom1x_580.xyz,1.2845106094396428,8.23109482577846,0.12845798343649498,7.253926906151023
tungstenCarbide_NX2_obj20x_zoom1x_581.xyz,0.880227570906564,9.37283300954077,0.12472109614636828,1.5776299363173931
tungstenCarbide_NX2_obj20x_zoom1x_582.xyz,0.737405224066741,8.634293267052762,0.171924139851896,12.73060486935585
tungstenCarbide_NX2_obj20x_zoom1x_583.xyz,2.112025748402898,14.853314852187925,0.1413140293408482,3.21844017771219
tungstenCarbide_NX2_obj20x_zoom1x_584.xyz,1.5724570628980015,13.288324465976032,0.5660486804051472,54.826522462320476
tungstenCarbide_NX2_obj20x_zoom1x_585.xyz,3.4615384667823883,20.91094437890016,0.11136295799183833,2.481766725688506
tungstenCarbide_NX2_obj20x_zoom1x_586.xyz,1.5902659599522584,16.492652950100943,0.2171402117072806,18.87825428734734
tungstenCarbide_NX2_obj20x_zoom1x_587.xyz,1.8270392723457771,14.023529931606202,0.2644245593607756,23.629468054258254
tungstenCarbide_NX2_obj20x_zoom1x_588.xyz,0.8353393794644435,10.002737412502672,0.16615729416206834,6.990979151419742
tungstenCarbide_NX2_obj20x_zoom1x_589.xyz,2.084940158919686,9.66985503290427,0.3211975781652443,29.185754682223703
tungstenCarbide_NX2_obj20x_zoom1x_590.xyz,4.1321187728023645,27.190331205380623,0.2064578540809396,10.734235476054915
tungstenCarbide_NX2_obj20x_zoom1x_591.xyz,16.43360530484054,95.92320674211189,1.163910070252954,9.164990121944642
tungstenCarbide_NX2_obj20x_zoom1x_592.xyz,0.6011682620916121,4.740460219540588,0.09532741021834655,2.0980504022656463
tungstenCarbide_NX2_obj20x_zoom1x_593.xyz,0.7432828342433536,10.433496086059403,0.324507178177729,28.575822911779948
tungstenCarbide_NX2_obj20x_zoom1x_594.xyz,2.6538660087609323,21.347520688224307,0.18458072832369032,4.764073132497692
tungstenCarbide_NX2_obj20x_zoom1x_595.xyz,1.9442859019404979,13.279871071910257,0.2499658861197784,20.674952807081972
tungstenCarbide_NX2_obj20x_zoom1x_596.xyz,0.6125705577859076,7.638176786046043,0.13996105674425818,9.153125638483308
tungstenCarbide_NX2_obj20x_zoom1x_597.xyz,7.886798720627891,48.20301426422923,0.7116875719914384,46.3601256747551
tungstenCarbide_NX2_obj20x_zoom1x_598.xyz,1.4126946299313838,14.570751389769287,0.21836066406007457,20.436430633723997
tungstenCarbide_NX2_obj20x_zoom1x_599.xyz,0.7635553020708682,5.1617848067755006,0.629858119540063,66.84273870536136
tungstenCarbide_NX2_obj20x_zoom1x_600.xyz,1.5594951834374553,12.106157130863288,0.17495137153166146,10.296642379818522
tungstenCarbide_NX2_obj20x_zoom1x_601.xyz,0.48514530422365926,4.167983942797527,0.41103870939767945,44.17040494484785
tungstenCarbide_NX2_obj20x_zoom1x_602.xyz,0.8690216532268477,8.08984489493917,0.07762510334628048,0.9858606448294134
tungstenCarbide_NX2_obj20x_zoom1x_603.xyz,0.9031626229758607,7.447940706168387,0.16369258086261315,4.707068327347568
tungstenCarbide_NX2_obj20x_zoom1x_604.xyz,0.4100001961559117,3.891522113789005,0.07123350068636627,0.12350309277141269
tungstenCarbide_NX2_obj20x_zoom1x_605.xyz,0.8362807245010067,7.667547164612268,0.08643201253346525,1.5820577292557871
tungstenCarbide_NX2_obj20x_zoom1x_606.xyz,2.237100512430364,11.636753897524443,0.07256583355559913,3.7114677491454526
tungstenCarbide_NX2_obj20x_zoom1x_607.xyz,1.08763852449894,8.008204153524776,0.12290014108876653,5.4447762965317255
tungstenCarbide_NX2_obj20x_zoom1x_608.xyz,1.7739603117876284,12.358131159185051,0.1898905730980099,10.135175215328806
tungstenCarbide_NX2_obj20x_zoom1x_609.xyz,0.9902791538791851,6.437149667225602,0.12326897105842534,6.0139671661657745
